aa;Word
;allow
house;alone
place;board
group;alter
party;booth
money;anger
point;brain
state;angry
night;bread
water;apple
thing;breed
order;arena
power;bring
court;arise
level;broke
child;aside
south;build
staff;audio
woman;buyer
north;avoid
sense;award
death;carry
range;badly
table;cause
trade;bases
study;chair
other;basis
price;chase
class;began
union;check
value;begun
paper;chief
right;below
voice;china
stage;billy
light;light
march;march
board;board
month;month
music;music
field;field
award;award
issue;issue
basis;basis
front;front
heart;heart
force;force
model;model
space;space
peter;peter
hotel;hotel
floor;floor
style;style
event;event
press;press
doubt;doubt
blood;blood
sound;sound
title;title
glass;glass
earth;earth
river;river
whole;whole
piece;piece
mouth;mouth
radio;radio
peace;peace
start;start
share;share
truth;truth
smith;smith
stone;stone
queen;queen
stock;stock
horse;horse
plant;plant
visit;visit
scale;scale
image;image
trust;trust
chair;chair
cause;cause
speed;speed
crime;crime
pound;pound
henry;henry
match;match
scene;scene
stuff;stuff
japan;japan
claim;claim
video;video
trial;trial
phone;phone
train;train
sight;sight
grant;grant
shape;shape
offer;offer
while;while
smile;smile
track;track
route;route
china;china
touch;touch
youth;youth
waste;waste
crown;crown
birth;birth
faith;faith
entry;entry
total;total
major;major
owner;owner
lunch;lunch
cross;cross
judge;judge
guide;guide
cover;cover
jones;jones
green;green
brain;brain
phase;phase
coast;coast
drink;drink
drive;drive
metal;metal
index;index
adult;adult
sport;sport
noise;noise
agent;agent
simon;simon
motor;motor
sheet;sheet
brown;brown
crowd;crowd
shock;shock
fruit;fruit
steel;steel
plate;plate
grass;grass
dress;dress
theme;theme
error;error
lewis;lewis
white;white
focus;focus
chief;chief
sleep;sleep
beach;beach
sugar;sugar
panel;panel
dream;dream
bread;bread
chain;chain
chest;chest
frank;frank
block;block
store;store
break;break
drama;drama
skill;skill
round;round
rugby;rugby
scope;scope
plane;plane
uncle;uncle
abuse;abuse
limit;limit
taste;taste
fault;fault
tower;tower
input;input
enemy;enemy
anger;anger
cycle;cycle
pilot;pilot
frame;frame
novel;novel
reply;reply
prize;prize
nurse;nurse
cream;cream
depth;depth
sheep;sheep
dance;dance
spite;spite
coach;coach
ratio;ratio
fight;fight
unity;unity
steam;steam
final;final
clock;clock
pride;pride
buyer;buyer
smoke;smoke
score;score
watch;watch
apple;apple
trend;trend
proof;proof
pitch;pitch
shirt;shirt
knife;knife
draft;draft
shift;shift
terry;terry
squad;squad
layer;layer
laura;laura
colin;colin
curve;curve
wheel;wheel
topic;topic
guard;guard
angle;angle
smell;smell
grace;grace
flesh;flesh
mummy;mummy
pupil;pupil
guest;guest
delay;delay
mayor;mayor
logic;logic
album;album
habit;habit
billy;billy
audit;audit
baker;baker
paint;paint
great;great
storm;storm
worth;worth
black;black
daddy;daddy
canal;canal
robin;robin
kelly;kelly
leave;leave
lease;lease
young;young
louis;louis
print;print
fleet;fleet
crash;crash
count;count
asset;asset
cloud;cloud
villa;villa
actor;actor
ocean;ocean
brand;brand
craft;craft
alarm;alarm
bench;bench
diary;diary
abbey;abbey
grade;grade
bible;bible
jimmy;jimmy
shell;shell
cloth;cloth
piano;piano
clerk;clerk
stake;stake
barry;barry
stand;stand
mouse;mouse
cable;cable
manor;manor
local;local
penny;penny
shame;shame
check;check
forum;forum
brick;brick
fraud;fraud
stick;stick
grain;grain
movie;movie
cheek;cheek
reign;reign
label;label
theft;theft
lover;lover
shore;shore
guilt;guilt
devil;devil
fence;fence
glory;glory
panic;panic
juice;juice
debut;debut
laugh;laugh
chaos;chaos
bruce;bruce
strip;strip
derby;derby
jenny;jenny
chart;chart
widow;widow
essay;essay
fibre;fibre
patch;patch
fluid;fluid
virus;virus
pause;pause
angel;angel
cliff;cliff
brass;brass
magic;magic
honey;honey
rover;rover
bacon;bacon
sally;sally
trick;trick
bonus;bonus
straw;straw
shelf;shelf
sauce;sauce
grief;grief
verse;verse
shade;shade
heath;heath
sword;sword
waist;waist
slope;slope
betty;betty
organ;organ
skirt;skirt
ghost;ghost
serum;serum
lorry;lorry
brush;brush
spell;spell
lodge;lodge
devon;devon
ozone;ozone
nerve;nerve
craig;craig
rally;rally
eagle;eagle
bowel;bowel
suite;suite
ridge;ridge
reach;reach
human;human
gould;gould
breed;breed
bloke;bloke
photo;photo
lemon;lemon
charm;charm
elite;elite
basin;basin
venue;venue
flood;flood
swing;swing
punch;punch
grave;grave
saint;saint
intel;intel
corps;corps
bunch;bunch
usage;usage
trail;trail
carol;carol
tommy;tommy
width;width
yield;yield
ferry;ferry
close;close
array;array
crack;crack
clash;clash
alpha;alpha
truck;truck
trace;trace
salad;salad
medal;medal
cabin;cabin
plain;plain
bride;bride
stamp;stamp
tutor;tutor
mount;mount
bobby;bobby
thumb;thumb
mercy;mercy
fever;fever
laser;laser
realm;realm
blade;blade
boost;boost
flour;flour
arrow;arrow
pulse;pulse
elbow;elbow
clive;clive
graph;graph
flame;flame
ellen;ellen
skull;skull
sweat;sweat
texas;texas
arena;arena
marsh;marsh
maker;maker
ulcer;ulcer
folly;folly
wrist;wrist
frost;frost
donna;donna
choir;choir
rider;rider
wheat;wheat
rival;rival
exile;exile
flora;flora
spine;spine
holly;holly
lobby;lobby
irony;irony
ankle;ankle
giant;giant
mason;mason
dairy;dairy
merit;merit
chase;chase
ideal;ideal
agony;agony
gloom;gloom
toast;toast
linen;linen
probe;probe
scent;scent
canon;canon
slide;slide
metre;metre
beard;beard
chalk;chalk
blast;blast
tiger;tiger
vicar;vicar
ruler;ruler
motif;motif
paddy;paddy
beast;beast
worry;worry
ivory;ivory
split;split
slave;slave
hedge;hedge
lotus;lotus
shaft;shaft
cargo;cargo
prose;prose
altar;altar
small;small
flash;flash
piper;piper
quest;quest
quota;quota
catch;catch
torch;torch
slice;slice
feast;feast
siege;siege
queue;queue
blame;blame
bitch;bitch
towel;towel
rebel;rebel
decay;decay
stool;stool
telly;telly
hurry;hurry
onset;onset
libel;libel
belly;belly
grasp;grasp
twist;twist
basil;basil
maxim;maxim
urine;urine
trunk;trunk
mould;mould
baron;baron
fairy;fairy
batch;batch
colon;colon
spray;spray
madam;madam
wendy;wendy
guild;guild
coral;coral
thigh;thigh
valve;valve
disco;disco
drift;drift
hazel;hazel
teddy;teddy
molly;molly
greek;greek
drill;drill
thief;thief
tweed;tweed
snake;snake
derry;derry
tribe;tribe
trout;trout
morse;morse
kylie;kylie
spoon;spoon
stall;stall
daily;daily
surge;surge
grove;grove
benny;benny
treat;treat
knock;knock
gooch;gooch
pearl;pearl
nylon;nylon
purse;purse
depot;depot
delta;delta
gauge;gauge
rifle;rifle
onion;onion
odour;odour
salon;salon
radar;radar
chill;chill
hardy;hardy
globe;globe
crust;crust
guess;guess
wigan;wigan
cloak;cloak
orbit;orbit
oscar;oscar
blaze;blaze
midst;midst
haven;haven
tooth;tooth
climb;climb
flock;flock
malta;malta
brook;brook
wrong;wrong
short;short
daisy;daisy
chess;chess
burst;burst
mandy;mandy
nanny;nanny
dolly;dolly
donor;donor
cohen;cohen
slate;slate
amino;amino
booth;booth
duchy;duchy
hobby;hobby
alley;alley
idiot;idiot
verge;verge
leigh;leigh
drain;drain
crane;crane
scrap;scrap
wagon;wagon
stoke;stoke
abbot;abbot
genre;genre
costa;costa
chile;chile
stack;stack
mungo;mungo
lever;lever
dwarf;dwarf
witch;witch
whale;whale
crest;crest
chord;chord
nancy;nancy
larry;larry
perry;perry
tract;tract
molla;molla
badge;badge
pasta;pasta
joint;joint
slump;slump
ditch;ditch
locke;locke
jerry;jerry
irene;irene
minus;minus
venus;venus
troop;troop
curry;curry
blend;blend
sweep;sweep
porch;porch
penis;penis
lager;lager
flint;flint
scarf;scarf
tonic;tonic
cough;cough
litre;litre
fiver;fiver
attic;attic
creed;creed
cocoa;cocoa
weber;weber
goose;goose
jelly;jelly
greed;greed
carer;carer
pizza;pizza
brake;brake
meter;meter
assay;assay
boxer;boxer
puppy;puppy
berry;berry
guido;guido
couch;couch
mound;mound
brief;brief
glare;glare
inset;inset
steak;steak
moran;moran
hatch;hatch
cider;cider
apron;apron
bloom;bloom
newco;newco
sting;sting
token;token
quote;quote
niece;niece
query;query
robot;robot
rotor;rotor
thorn;thorn
patio;patio
gedge;gedge
cigar;cigar
shout;shout
sperm;sperm
ethos;ethos
ryder;ryder
frown;frown
satin;satin
bream;bream
truce;truce
spark;spark
niche;niche
aisle;aisle
locus;locus
grill;grill
forth;forth
beech;beech
screw;screw
paste;paste
brink;brink
metro;metro
gypsy;gypsy
wight;wight
burke;burke
tummy;tummy
friar;friar
swift;swift
bunny;bunny
oxide;oxide
vowel;vowel
sharp;sharp
hurst;hurst
razor;razor
fancy;fancy
groom;groom
satan;satan
haste;haste
cache;cache
guise;guise
strap;strap
canoe;canoe
build;build
peach;peach
vogue;vogue
tenor;tenor
birch;birch
gamma;gamma
bliss;bliss
stare;stare
curse;curse
flute;flute
parry;parry
mafia;mafia
viola;viola
dread;dread
crook;crook
stain;stain
glove;glove
remit;remit
genus;genus
honda;honda
rouge;rouge
candy;candy
flank;flank
wreck;wreck
vault;vault
pinch;pinch
float;float
foyer;foyer
camel;camel
modem;modem
miner;miner
flair;flair
stern;stern
fauna;fauna
wedge;wedge
clown;clown
ghana;ghana
ledge;ledge
gloss;gloss
tramp;tramp
shine;shine
brent;brent
jewel;jewel
ethel;ethel
firth;firth
bodie;bodie
proxy;proxy
roach;roach
maple;maple
gorge;gorge
crewe;crewe
decor;decor
throw;throw
stair;stair
wrath;wrath
bingo;bingo
groin;groin
scalp;scalp
belle;belle
tempo;tempo
savoy;savoy
loser;loser
aroma;aroma
ascot;ascot
motto;motto
basic;basic
havoc;havoc
aggie;aggie
willy;willy
blind;blind
batty;batty
monte;monte
yeast;yeast
comic;comic
scrum;scrum
wharf;wharf
lynch;lynch
ounce;ounce
broom;broom
click;click
snack;snack
crypt;crypt
spate;spate
beryl;beryl
pouch;pouch
maize;maize
liner;liner
tonne;tonne
vinyl;vinyl
flush;flush
dough;dough
envoy;envoy
smart;smart
shark;shark
farce;farce
arson;arson
payne;payne
drake;drake
turbo;turbo
platt;platt
minor;minor
boyle;boyle
broad;broad
munro;munro
horne;horne
deity;deity
synod;synod
alien;alien
stein;stein
vodka;vodka
resin;resin
alloy;alloy
shrug;shrug
trait;trait
grand;grand
spade;spade
sweet;sweet
sauna;sauna
voter;voter
scout;scout
gemma;gemma
chuck;chuck
franc;franc
snail;snail
scorn;scorn
pedal;pedal
shake;shake
chant;chant
spear;spear
demon;demon
clone;clone
swell;swell
heron;heron
noble;noble
gleam;gleam
booze;booze
brett;brett
kitty;kitty
peril;peril
chunk;chunk
grape;grape
finch;finch
madge;madge
spike;spike
stead;stead
senna;senna
patsy;patsy
rogue;rogue
barge;barge
laird;laird
suede;suede
topaz;topaz
plank;plank
rhyme;rhyme
shire;shire
relay;relay
chick;chick
scare;scare
brute;brute
hitch;hitch
idiom;idiom
flask;flask
gully;gully
blitz;blitz
fella;fella
indie;indie
tyler;tyler
creek;creek
buddy;buddy
tunic;tunic
gravy;gravy
olive;olive
laity;laity
comet;comet
forte;forte
crisp;crisp
duvet;duvet
rhine;rhine
gland;gland
filth;filth
steen;steen
aunty;aunty
ethic;ethic
tally;tally
blanc;blanc
shrub;shrub
atlas;atlas
lance;lance
croft;croft
cheer;cheer
mince;mince
dogma;dogma
poppy;poppy
lough;lough
hound;hound
sigma;sigma
venom;venom
adobe;adobe
caste;caste
combo;combo
prior;prior
siren;siren
whore;whore
chang;chang
dummy;dummy
alert;alert
scrub;scrub
shoot;shoot
bosom;bosom
forge;forge
smash;smash
acorn;acorn
xerox;xerox
logan;logan
lapse;lapse
denim;denim
smyth;smyth
piety;piety
rhino;rhino
syrup;syrup
matey;matey
flake;flake
amber;amber
brace;brace
flare;flare
smear;smear
stump;stump
burgh;burgh
avail;avail
bluff;bluff
foley;foley
groan;groan
mucus;mucus
psalm;psalm
crate;crate
stile;stile
zebra;zebra
diver;diver
bully;bully
reeve;reeve
cobra;cobra
shawl;shawl
spire;spire
torso;torso
blank;blank
think;think
brunt;brunt
roche;roche
pixel;pixel
facet;facet
jetty;jetty
gable;gable
toxin;toxin
leone;leone
crush;crush
optic;optic
harem;harem
knack;knack
moray;moray
strat;strat
opium;opium
poker;poker
vigil;vigil
bowie;bowie
swamp;swamp
sheen;sheen
berth;berth
debit;debit
sonny;sonny
sewer;sewer
fritz;fritz
taboo;taboo
norma;norma
woody;woody
stint;stint
baton;baton
mixer;mixer
clint;clint
slang;slang
ariel;ariel
wally;wally
shoal;shoal
bulge;bulge
clump;clump
flick;flick
slick;slick
helix;helix
stunt;stunt
timer;timer
comma;comma
cadet;cadet
melon;melon
hinge;hinge
barth;barth
smack;smack
hogan;hogan
champ;champ
comer;comer
digit;digit
stout;stout
glint;glint
relic;relic
